postcode,lat,long
1001,-33.79,151.27
1002,-33.79,151.27
1003,-33.79,151.27
1004,-33.79,151.27
1005,-33.79,151.27
1006,-33.79,151.27
1007,-33.79,151.27
1008,-33.79,151.27
1009,-33.79,151.27
1010,-33.79,151.27
1011,-33.79,151.27
1020,-33.79,151.27
1021,-33.79,151.27
1022,-33.79,151.27
1023,-33.79,151.27
1025,-33.79,151.27
1026,-33.79,151.27
1027,-33.79,151.27
1028,-33.79,151.27
1029,-33.79,151.27
1030,-33.79,151.27
1031,-33.79,151.27
1032,-33.66,150.87
1033,-33.79,151.27
1034,-33.79,151.27
1035,-33.79,151.27
1036,-33.79,151.27
1037,-33.79,151.27
1038,-33.79,151.27
1039,-33.79,151.27
1040,-33.79,151.27
1041,-33.79,151.27
1042,-33.79,151.27
1043,-33.79,151.27
1044,-33.79,151.27
1045,-33.79,151.27
1046,-33.79,151.27
1100,-33.79,151.27
1101,-33.79,151.27
1105,-33.79,151.27
1106,-33.79,151.27
1107,-33.79,151.27
1108,-33.79,151.27
1109,-33.79,151.27
1110,-33.79,151.27
1112,-33.79,151.27
1113,-33.79,151.27
1114,-33.79,151.27
1115,-33.79,151.27
1116,-33.67,150.87
1117,-33.66,150.87
1118,-33.79,151.27
1119,-33.79,151.27
1120,-33.79,151.27
1121,-33.79,151.27
1122,-33.79,151.27
1123,-33.79,151.27
1124,-33.79,151.27
1125,-33.79,151.27
1126,-33.79,151.27
1127,-33.79,151.27
1128,-33.79,151.27
1129,-33.79,151.27
1130,-33.79,151.27
1131,-33.79,151.27
1132,-33.66,150.87
1133,-33.79,151.27
1134,-33.79,151.27
1135,-33.79,151.27
1136,-33.79,151.27
1137,-33.79,151.27
1138,-33.79,151.27
1139,-33.79,151.27
1140,-33.79,151.27
1141,-33.79,151.27
1142,-33.79,151.27
1143,-33.79,151.27
1144,-33.79,151.27
1145,-33.79,151.27
1146,-33.79,151.27
1147,-33.79,151.27
1148,-33.79,151.27
1149,-33.79,151.27
1150,-33.79,151.27
1151,-33.79,151.27
1152,-33.79,151.27
1153,-33.79,151.27
1154,-33.79,151.27
1155,-33.79,151.27
1156,-33.79,151.27
1157,-33.79,151.27
1158,-33.79,151.27
1159,-33.79,151.27
1160,-33.79,151.27
1161,-33.79,151.27
1162,-33.79,151.27
1163,-33.79,151.27
1164,-33.79,151.27
1165,-33.79,151.27
1166,-33.79,151.27
1167,-33.79,151.27
1168,-33.79,151.27
1169,-33.79,151.27
1170,-33.79,151.27
1171,-33.79,151.27
1172,-33.79,151.27
1173,-33.79,151.27
1174,-33.79,151.27
1175,-33.79,151.27
1176,-33.79,151.27
1177,-33.79,151.27
1178,-33.79,151.27
1179,-33.79,151.27
1180,-33.79,151.27
1181,-33.79,151.27
1182,-33.79,151.27
1183,-33.79,151.27
1184,-33.79,151.27
1185,-33.79,151.27
1186,-33.79,151.27
1187,-33.79,151.27
1188,-33.79,151.27
1189,-33.79,151.27
1190,-33.79,151.27
1191,-33.79,151.27
1192,-34.79,147.69
1193,-33.79,151.27
1194,-33.79,151.27
1195,-33.79,151.27
1196,-33.79,151.27
1197,-33.79,151.27
1198,-33.79,151.27
1199,-33.79,151.27
1200,-33.79,151.27
1201,-33.79,151.27
1202,-33.79,151.27
1203,-33.79,151.27
1204,-33.79,151.27
1205,-33.79,151.27
1206,-33.79,151.27
1207,-33.79,151.27
1208,-29.82,151.66
1209,-33.89,151.18
1210,-33.89,151.18
1211,-33.89,151.18
1212,-33.89,151.18
1213,-33.89,151.18
1214,-33.89,151.18
1215,-33.89,151.18
1216,-33.74,151.03
1217,-33.74,151.03
1218,-33.74,151.03
1219,-33.74,151.03
1220,-33.74,151.03
1221,-33.87,151.21
1222,-33.87,151.21
1223,-33.87,151.21
1224,-33.87,151.21
1225,-33.87,151.21
1226,-33.87,151.21
1227,-33.87,151.21
1228,-33.87,151.21
1229,-33.87,151.21
1230,-33.87,151.21
1231,-33.82,151.04
1232,-33.82,151.04
1233,-33.82,151.04
1234,-33.82,151.04
1235,-33.82,151.04
1236,-29.82,151.66
1237,-29.82,151.66
1238,-29.82,151.66
1239,-29.82,151.66
1240,-29.82,151.66
1291,-33.79,151.27
1292,-33.79,151.27
1293,-33.79,151.27
1294,-33.79,151.27
1295,-33.79,151.27
1296,-33.79,151.27
1297,-33.79,151.27
1298,-33.79,151.27
1299,-33.79,151.27
1300,-33.88,151.22
1311,0.0,0.0
1312,0.0,0.0
1313,0.0,0.0
1314,0.0,0.0
1315,0.0,0.0
1316,0.0,0.0
1317,0.0,0.0
1318,0.0,0.0
1319,0.0,0.0
1320,0.0,0.0
1321,0.0,0.0
1322,0.0,0.0
1323,0.0,0.0
1324,0.0,0.0
1325,0.0,0.0
1326,0.0,0.0
1327,0.0,0.0
1328,0.0,0.0
1329,0.0,0.0
1330,0.0,0.0
1331,0.0,0.0
1332,0.0,0.0
1333,0.0,0.0
1334,0.0,0.0
1335,-33.82,151.12
1340,-35.54,148.02
1350,0.0,0.0
1355,-33.89,151.26
1360,-33.88,151.24
1391,0.0,0.0
1401,-33.88,151.2
1416,0.0,0.0
1419,0.0,0.0
1420,-33.73,150.93
1422,-33.73,150.93
1423,-33.73,150.93
1424,-33.73,150.93
1425,-33.73,150.93
1426,-33.73,150.93
1427,-33.73,150.93
1428,-33.73,150.93
1429,-33.73,150.93
1430,-33.89,151.2
1435,-33.71,151.11
1440,-33.9,151.06
1441,-33.9,151.06
1445,-34.08,151.01
1450,-30.31,153.14
1455,-33.95,151.2
1460,-33.93,151.21
1465,-33.89,151.14
1466,-33.91,151.23
1470,-33.84,151.15
1475,-33.91,151.15
1476,-33.91,151.15
1480,-33.94,151.1
1481,0.0,0.0
1484,0.0,0.0
1485,0.0,0.0
1487,0.0,0.0
1490,-34.04,151.11
1493,-33.98,151.09
1495,-34.05,151.12
1499,-34.02,151.06
1515,-33.82,151.21
1560,0.0,0.0
1565,-33.87,151.19
1570,-33.81,151.19
1582,-33.83,151.2
1585,-33.83,151.2
1590,-33.29,151.47
1595,-33.79,151.19
1597,-33.79,151.19
1602,0.0,0.0
1608,0.0,0.0
1610,0.0,0.0
1611,0.0,0.0
1630,-33.71,151.1
1635,0.0,0.0
1639,-33.79,151.25
1640,-33.79,151.25
1655,-33.33,151.51
1658,-33.7,151.22
1660,-33.7,151.22
1670,0.0,0.0
1675,-33.83,151.14
1680,-33.76,151.14
1685,-33.8,151.09
1690,0.0,0.0
1691,0.0,0.0
1692,0.0,0.0
1693,0.0,0.0
1694,0.0,0.0
1695,0.0,0.0
1696,0.0,0.0
1697,0.0,0.0
1698,0.0,0.0
1699,0.0,0.0
1700,-33.95,151.21
1701,0.0,0.0
1710,-33.78,151.12
1712,-33.78,151.12
1715,-33.76,151.05
1730,-33.76,150.97
1740,-33.89,151.14
1741,-33.89,151.14
1750,-33.86,151.02
1755,-33.77,150.97
1765,-33.74,151.03
1771,-33.76,151.05
1781,0.0,0.0
1790,-33.86,151.2
1797,0.0,0.0
1800,-34.1,150.78
1805,-33.89,151.1
1811,-33.82,151.05
1816,-33.88,151.09
1819,-33.88,151.09
1825,0.0,0.0
1826,0.0,0.0
1830,-33.86,150.95
1831,-33.86,150.95
1835,-33.88,151.02
1848,-33.85,150.97
1851,0.0,0.0
1860,-33.85,150.96
1871,-33.89,151.1
1875,-33.95,150.92
1885,-33.91,151.02
1888,-33.91,151.02
1890,-33.96,150.8
1891,-33.93,151.0
1900,0.0,0.0
1902,0.0,0.0
200,-35.28,149.12
2000,-33.86,151.21
2001,-33.79,151.27
2002,-35.97,146.41
2004,0.0,0.0
2006,-33.89,151.19
2007,-33.88,151.2
2008,-33.89,151.2
2009,-33.87,151.19
2010,-33.88,151.22
2011,-33.87,151.23
2012,-33.73,150.93
2013,-33.73,150.93
2015,-33.9,151.2
2016,-33.89,151.2
2017,-33.9,151.21
2018,-33.93,151.21
2019,-33.96,151.21
2020,-33.93,151.19
2021,-33.89,151.22
2022,-33.89,151.25
2023,-33.89,151.26
2024,-33.9,151.26
2025,-33.89,151.24
2026,-33.89,151.26
2027,-33.87,151.24
2028,-33.88,151.24
2029,-33.87,151.28
2030,-33.87,151.28
2031,-33.91,151.26
2032,-33.93,151.23
2033,-33.91,151.22
2034,-33.92,151.25
2035,-33.95,151.24
2036,-33.98,151.24
2037,-33.88,151.18
2038,-33.88,151.17
2039,-33.86,151.17
2040,-33.88,151.16
2041,-33.86,151.18
2042,-33.9,151.17
2043,-33.9,151.19
2044,-33.91,151.18
2045,-33.88,151.14
2046,-33.85,151.13
2047,-33.85,151.15
2048,-33.9,151.17
2049,-33.89,151.14
2050,-33.89,151.18
2052,-33.91,151.23
2055,-33.8,151.1
2057,-33.79,151.19
2058,0.0,0.0
2059,-33.8,151.1
2060,-33.84,151.19
2061,-33.85,151.21
2062,-33.82,151.21
2063,-33.82,151.22
2064,-33.81,151.19
2065,-33.83,151.2
2066,-33.81,151.17
2067,-33.8,151.19
2068,-33.8,151.21
2069,-33.78,151.2
2070,-33.77,151.19
2071,-33.75,151.17
2072,-33.76,151.16
2073,-33.74,151.14
2074,-33.71,151.15
2075,-33.73,151.16
2076,-33.72,151.1
2077,-33.69,151.11
2079,-33.66,151.12
2080,-33.63,151.23
2081,-33.62,151.15
2082,-33.61,151.14
2083,-33.51,151.16
2084,-33.62,151.2
2085,-33.74,151.21
2086,-33.75,151.23
2087,-33.76,151.21
2088,-33.83,151.24
2089,-33.83,151.22
2090,-33.83,151.23
2091,0.0,0.0
2092,-33.8,151.25
2093,-33.79,151.26
2094,-33.79,151.27
2095,-33.8,151.29
2096,-33.77,151.29
2097,-33.74,151.3
2099,-33.74,151.28
2100,-33.77,151.25
2101,-33.7,151.28
2102,-33.69,151.3
2103,-33.68,151.3
2104,-33.66,151.3
2105,-33.64,151.28
2106,-33.66,151.31
2107,-33.64,151.33
2108,-33.6,151.3
2109,-33.77,151.11
2110,-33.83,151.15
2111,-33.82,151.14
2112,-33.8,151.1
2113,-33.8,151.13
2114,-33.8,151.08
2115,-33.81,151.05
2116,-33.81,151.03
2117,-33.8,151.04
2118,-33.78,151.05
2119,-33.75,151.06
2120,-33.74,151.07
2121,-33.77,151.08
2122,-33.79,151.08
2123,-33.89,151.14
2124,-33.89,151.14
2125,-33.75,151.04
2126,-33.72,151.04
2127,-33.85,151.08
2128,-33.84,151.05
2129,-33.87,151.19
2130,-33.89,151.14
2131,-33.89,151.13
2132,-33.88,151.11
2133,-33.9,151.11
2134,-33.88,151.1
2135,-33.87,151.09
2136,-33.89,151.1
2137,-33.84,151.11
2138,-33.85,151.09
2139,-33.84,151.1
2140,-33.86,151.08
2141,-33.87,151.03
2142,-33.85,151.01
2143,-33.89,151.02
2144,-33.85,151.03
2145,-33.8,150.95
2146,-33.79,150.97
2147,-33.74,150.92
2148,-33.79,150.87
2150,-33.82,151.01
2151,-33.8,151.01
2152,-33.78,150.99
2153,-33.76,150.99
2154,-33.73,151.01
2155,-33.7,150.95
2156,-33.66,150.94
2157,-33.51,151.06
2158,-33.68,151.03
2159,-33.62,151.05
2160,-33.84,150.99
2161,-33.85,150.99
2162,-33.88,151.0
2163,-33.88,150.96
2164,-33.85,150.94
2165,-33.87,150.96
2166,-33.9,150.94
2167,-33.97,150.89
2168,-33.92,150.9
2170,-33.95,150.91
2171,-33.88,150.85
2172,-33.97,150.99
2173,-33.95,150.95
2174,0.0,0.0
2175,-33.85,150.85
2176,-33.88,150.87
2177,-33.89,150.89
2178,-33.87,150.84
2179,-33.93,150.81
2190,-33.89,151.06
2191,-33.9,151.08
2192,-33.92,151.09
2193,-33.9,151.12
2194,-33.91,151.1
2195,-33.92,151.08
2196,-33.93,151.05
2197,-33.9,150.99
2198,-33.91,150.98
2199,-33.91,151.03
2200,-33.92,151.03
2203,-33.9,151.14
2204,-33.91,151.16
2205,-33.94,151.15
2206,-33.93,151.1
2207,-33.93,151.13
2208,-33.94,151.1
2209,-33.95,151.08
221,-35.2,149.1
2210,-33.98,151.05
2211,-33.95,151.04
2212,-33.95,151.02
2213,-33.96,150.99
2214,-33.94,150.99
2216,-33.95,151.14
2217,-33.98,151.13
2218,-33.97,151.11
2219,-33.99,151.15
2220,-33.97,151.1
2221,-33.99,151.11
2222,-33.96,151.09
2223,-33.97,151.08
2224,-34.0,151.1
2225,-34.0,151.09
2226,-34.01,151.05
2227,-34.03,151.09
2228,-34.03,151.1
2229,-34.04,151.12
2230,-34.09,151.15
2231,-34.01,151.2
2232,-34.08,151.06
2233,-34.07,151.01
2234,-33.99,151.02
2250,-33.11,151.14
2251,-33.46,151.43
2252,0.0,0.0
2256,-33.5,151.33
2257,-33.51,151.34
2258,-33.34,151.39
2259,-33.27,151.4
2260,-33.43,151.41
2261,-33.38,151.48
2262,-33.21,151.49
2263,-33.27,151.54
2264,-33.1,151.55
2265,-33.08,151.45
2267,-33.07,151.58
2278,-32.93,151.59
2280,-33.04,151.66
2281,-33.08,151.65
2282,-32.99,151.64
2283,-33.06,151.58
2284,-32.93,151.63
2285,-32.93,151.66
2286,-32.91,151.58
2287,-32.89,151.69
2289,-32.93,151.73
2290,-33.0,151.69
2291,-32.94,151.75
2292,-32.92,151.74
2293,-32.91,151.75
2294,-32.92,151.77
2295,-32.85,151.81
2296,-32.91,151.75
2297,-32.91,151.75
2298,-32.91,151.73
2299,-32.9,151.69
2300,-32.94,151.77
2302,-32.92,151.76
2303,-32.92,151.75
2304,-32.88,151.75
2305,-32.93,151.71
2306,-33.0,151.68
2307,-32.88,151.69
2308,-35.13,147.32
2309,-30.35,148.89
2310,0.0,0.0
2311,-32.36,151.54
2312,-32.15,152.36
2314,-32.8,151.84
2315,-32.72,152.11
2316,-32.78,152.08
2317,-32.72,152.08
2318,-32.77,151.85
2319,-32.73,152.04
2320,-32.69,151.53
2321,-32.76,151.65
2322,-32.8,151.66
2323,-32.77,151.6
2324,-32.67,151.81
2325,-32.84,151.38
2326,-32.81,151.43
2327,-32.82,151.48
2328,-32.46,150.74
2329,-31.51,150.64
2330,-32.51,150.86
2331,-32.69,151.18
2333,-32.39,150.47
2334,-32.68,151.39
2335,-32.65,151.28
2336,-32.16,150.89
2337,-31.99,151.12
2338,-31.73,150.79
2339,-31.77,150.62
2340,-30.96,150.83
2341,-31.35,150.62
2342,-31.26,150.73
2343,-31.66,150.3
2344,-31.22,150.82
2345,-30.93,150.85
2346,-30.61,150.51
2347,-30.53,150.44
2348,0.0,0.0
2350,-30.24,152.01
2351,-30.49,151.64
2352,-31.06,151.05
2353,-30.95,151.05
2354,-31.27,151.55
2355,-30.88,151.16
2356,-30.62,148.97
2357,-31.51,149.79
2358,-30.59,151.56
2359,-30.0,151.08
2360,-29.84,151.04
2361,-29.32,151.1
2365,-30.08,151.88
2369,-29.91,151.21
2370,-29.64,151.96
2371,-29.39,152.04
2372,-28.93,151.7
2379,-31.07,149.71
2380,-30.8,150.2
2381,-31.24,150.46
2382,-30.7,150.04
2386,-30.11,148.97
2387,-29.78,149.09
2388,-30.09,149.44
2390,-30.6,149.97
2395,-31.55,149.38
2396,-30.94,149.07
2397,-29.92,149.79
2398,-29.74,149.8
2399,-29.58,150.14
2400,-29.32,149.81
2401,-29.58,150.34
2402,-29.51,150.75
2403,-29.65,150.83
2404,-29.8,150.48
2405,-28.73,149.58
2406,-29.0,149.1
2408,-28.93,150.39
2409,-28.74,150.42
2410,-29.05,150.64
2411,-29.13,150.38
2415,-32.29,151.86
2420,-32.43,151.77
2421,-32.51,151.53
2422,-31.97,152.07
2423,-32.49,152.28
2424,-31.8,152.07
2425,-32.54,151.96
2426,-31.83,152.61
2427,-31.84,152.74
2428,-32.35,152.54
2429,-31.73,152.28
2430,-32.07,152.54
2431,-30.89,153.07
2439,-31.66,152.68
2440,-31.06,152.77
2441,-30.82,152.83
2442,0.0,0.0
2443,-31.58,152.74
2444,-31.4,152.85
2445,-31.59,152.84
2446,-31.46,152.53
2447,-30.8,152.73
2448,-30.62,153.0
2449,-30.62,152.75
2450,-30.34,153.07
2452,-30.34,153.08
2453,-30.14,152.6
2454,-30.45,152.9
2455,-30.52,152.98
2456,-30.06,153.19
2460,-29.05,152.59
2462,-29.62,153.07
2463,-29.42,153.19
2464,-29.48,153.36
2465,-29.42,153.24
2466,-29.41,153.35
2469,-29.34,153.0
2470,-28.73,152.8
2471,-29.05,153.23
2472,-29.01,153.44
2473,-29.09,153.38
2474,-28.59,152.83
2475,-28.62,152.42
2476,-28.37,152.32
2477,-28.81,153.45
2478,-28.87,153.56
2479,-28.69,153.52
2480,-28.61,153.04
2481,-28.72,153.59
2482,-28.61,153.44
2483,-28.5,153.53
2484,-28.4,153.17
2485,-28.18,153.54
2486,-28.21,153.54
2487,-28.3,153.57
2488,-28.33,153.54
2489,-28.36,153.58
2490,-28.27,153.47
2500,-34.44,150.89
2502,-34.47,150.87
2505,-34.49,150.89
2506,-34.48,150.84
2508,-34.24,150.98
2515,-34.31,150.93
2516,-34.33,150.91
2517,-34.36,150.9
2518,-34.37,150.91
2519,-34.39,150.88
2520,-33.94,151.14
2522,-34.41,150.88
2525,-34.44,150.86
2526,-34.38,150.78
2527,-34.57,150.78
2528,-34.57,150.86
2529,-34.57,150.83
2530,-34.51,150.73
2533,-34.66,150.85
2534,-34.73,150.77
2535,-34.85,150.68
2536,-35.73,150.2
2537,-35.98,150.11
2538,-35.49,150.23
2539,-35.52,150.39
2540,-34.89,150.53
2541,-34.84,150.57
2545,-36.15,149.71
2546,-36.36,150.08
2548,-36.88,149.92
2549,-36.91,149.85
2550,-36.64,149.86
2551,-37.1,149.88
2555,-33.88,150.74
2556,-33.95,150.73
2557,-33.99,150.77
2558,-34.04,150.81
2559,-34.05,150.8
2560,-34.08,150.83
2563,-34.1,150.76
2564,-33.99,150.89
2565,-33.99,150.84
2566,-34.02,150.84
2567,-34.05,150.76
2568,-34.11,150.75
2569,-34.19,150.71
2570,-34.08,150.54
2571,-34.29,150.53
2572,-34.18,150.53
2573,-34.22,150.59
2574,-34.35,150.63
2575,-34.41,150.52
2576,-34.54,150.39
2577,-34.61,150.48
2578,-34.63,150.32
2579,-34.56,149.99
2580,-34.44,149.96
2581,-34.92,149.24
2582,-34.75,148.96
2583,-34.08,149.15
2584,-34.67,148.63
2585,-34.6,148.56
2586,-34.44,148.72
2587,-34.55,148.37
2588,-34.52,148.16
2590,-34.76,147.85
2594,-34.43,148.07
2600,-35.31,149.14
2601,-35.28,149.11
2602,-35.26,149.15
2603,-35.32,149.12
2604,-35.32,149.15
2605,-35.32,149.08
2606,-35.35,149.08
2607,-35.38,149.1
2608,-35.28,149.13
2609,-35.3,149.19
2610,0.0,0.0
2611,-35.56,148.62
2612,-35.27,149.13
2614,-35.26,149.08
2615,-35.2,149.03
2616,-35.25,149.07
2617,-35.24,149.07
2618,-35.52,149.08
2619,-35.38,149.2
2620,-35.58,149.23
2621,-35.81,149.43
2622,-35.65,149.81
2623,-35.55,149.45
2624,-36.18,148.44
2625,-36.51,148.3
2626,-35.96,149.15
2627,-36.44,148.51
2628,-36.44,148.7
2629,-36.0,148.77
2630,-36.37,148.95
2631,-36.74,149.26
2632,-36.82,149.28
2633,-36.93,148.83
2640,-36.08,146.91
2641,-36.04,146.92
2642,-35.44,146.44
2643,-35.96,146.61
2644,-35.96,147.13
2645,-35.13,146.13
2646,-35.85,146.52
2647,-35.95,145.96
2648,-34.15,142.09
2649,-35.6,148.09
2650,-35.16,147.51
2651,-32.71,151.55
2652,-34.04,146.03
2653,-35.83,148.07
2655,-35.32,147.19
2656,-35.12,147.0
2658,-35.44,146.99
2659,-35.6,146.79
2660,-35.67,147.0
2661,-35.15,147.3
2663,-35.15,145.98
2665,-34.36,146.9
2666,-34.46,147.68
2668,-34.18,147.41
2669,-33.5,146.8
2671,-34.11,147.14
2672,-33.39,146.58
2675,-33.48,145.53
2678,-35.06,147.35
2680,-34.26,146.1
2681,-34.18,146.11
2700,-35.03,146.61
2701,-34.82,147.2
2702,-34.79,147.04
2703,-34.63,146.4
2705,-34.49,146.43
2706,-34.56,146.01
2707,-34.86,145.67
2708,0.0,0.0
2710,-35.23,144.49
2711,-33.68,144.75
2712,-35.66,145.81
2713,-35.59,145.29
2714,-35.51,145.05
2715,-33.87,142.89
2716,-35.35,145.53
2717,-34.09,142.04
2720,-35.32,148.45
2721,-33.99,147.68
2722,-34.82,148.08
2725,-34.51,147.88
2726,-34.91,148.32
2727,-35.08,148.41
2729,-35.31,148.06
2730,-31.49,152.66
2731,-35.79,144.63
2732,-35.63,144.13
2733,-35.19,144.16
2734,-35.25,143.9
2735,-35.66,144.14
2736,-34.96,143.34
2737,-34.51,142.85
2738,-34.18,142.22
2739,-34.17,142.18
2745,-33.79,150.67
2747,-33.74,150.72
2748,-33.78,150.72
2749,-33.67,150.68
2750,-33.74,150.65
2751,-33.73,151.28
2752,-33.94,150.58
2753,-33.62,150.71
2754,-33.58,150.72
2755,-33.6,150.8
2756,-33.64,150.79
2757,-33.55,150.7
2758,-33.54,150.44
2759,-33.81,150.79
2760,-33.78,150.79
2761,-33.73,150.87
2762,-33.7,150.89
2763,-33.73,150.91
2765,-33.67,150.8
2766,-33.8,150.85
2767,-33.77,150.87
2768,-33.74,150.92
2769,-34.05,150.75
2770,-33.73,150.82
2773,-33.77,150.62
2774,-33.74,150.61
2775,-33.33,150.98
2776,-33.7,150.53
2777,-33.67,150.65
2778,-33.79,150.04
2779,-33.72,150.45
2780,-33.71,150.31
2782,-33.71,150.38
2783,-33.72,150.43
2784,-33.72,150.41
2785,-33.64,150.28
2786,-33.51,150.28
2787,-33.84,149.71
2790,-33.22,150.02
2791,-33.61,149.14
2792,-33.59,149.03
2793,-33.93,148.86
2794,-33.91,148.46
2795,-33.91,149.33
2796,0.0,0.0
2797,-33.71,149.03
2798,-33.34,149.25
2799,-33.65,149.27
2800,-33.12,149.03
2803,-34.16,148.45
2804,-33.68,148.62
2805,-33.65,148.41
2806,-33.43,148.37
2807,-34.04,148.55
2808,-33.94,149.05
2809,-34.04,148.4
2810,-33.99,147.93
2820,-32.6,148.96
2821,-32.06,148.26
2823,-31.84,148.18
2824,-31.67,147.86
2825,-31.94,146.48
2827,-31.66,148.88
2828,-31.11,148.86
2829,-31.12,148.37
2830,-32.2,148.9
2831,-31.45,148.41
2832,-29.11,147.9
2833,-29.55,148.58
2834,-29.43,147.98
2835,-32.03,144.44
2836,-30.81,142.88
2839,-30.2,146.54
2840,-29.19,145.88
2842,-31.82,149.12
2843,-31.77,149.61
2844,-32.12,149.47
2845,-33.41,150.06
2846,-33.15,149.99
2847,-33.35,149.98
2848,-32.97,149.96
2849,-32.98,150.1
2850,-32.86,149.8
2852,-32.19,149.53
2864,-33.23,148.84
2865,-33.1,148.54
2866,-33.18,148.93
2867,-32.87,148.5
2868,-32.75,148.75
2869,-32.73,148.19
2870,-32.93,148.26
2871,-33.5,148.31
2873,-32.42,147.51
2874,-32.63,147.56
2875,-32.78,147.86
2876,-33.11,147.8
2877,-33.09,147.15
2878,-32.83,143.86
2879,-32.26,142.41
2880,-31.96,141.47
2890,0.0,0.0
2891,0.0,0.0
2898,-31.55,159.08
2899,-36.08,146.93
2900,-35.42,149.07
2901,0.0,0.0
2902,-35.38,149.05
2903,-35.4,149.1
2904,-35.4,149.12
2905,-35.43,149.08
2906,-35.52,149.08
2911,-35.22,149.12
2912,-35.52,149.08
2913,-35.2,149.13
2914,-35.17,149.13
3000,-37.81,144.97
3001,-38.37,144.77
3002,-37.82,144.99
3003,-37.81,144.94
3004,-37.84,144.98
3005,-37.82,144.95
3006,-37.82,144.97
3008,-37.81,144.95
3010,-37.8,144.96
3011,-37.8,144.9
3012,-37.81,144.85
3013,-37.82,144.89
3015,-37.84,144.88
3016,-37.86,144.9
3018,-37.87,144.83
3019,-37.78,144.86
3020,-37.78,144.82
3021,-37.75,144.77
3022,-37.78,144.8
3023,-37.75,144.75
3024,-37.9,144.56
3025,-37.84,144.86
3026,-37.84,144.8
3027,-37.86,144.76
3028,-37.87,144.78
3029,-37.88,144.7
3030,-37.97,144.58
3031,-37.79,144.93
3032,-37.78,144.92
3033,-37.74,144.8
3034,-37.74,144.82
3036,-37.72,144.83
3037,-37.72,144.78
3038,-37.73,144.81
3039,-37.77,144.92
3040,-37.76,144.9
3041,-37.74,144.91
3042,-37.71,144.89
3043,-37.69,144.88
3044,-37.73,144.94
3045,-37.67,144.83
3046,-37.7,144.92
3047,-37.68,144.92
3048,-37.65,144.93
3049,-37.67,144.89
3050,-37.8,144.96
3051,-37.91,145.06
3052,-37.8,144.96
3053,-37.78,144.97
3054,-37.78,144.97
3055,-37.77,144.94
3056,-37.76,144.94
3057,-37.76,144.98
3058,-37.73,144.96
3059,-37.64,144.89
3060,-37.76,144.9
3061,-37.64,144.95
3062,-37.64,144.94
3063,-37.63,144.84
3064,-37.6,144.94
3065,-37.8,144.98
3066,-37.8,144.98
3067,-37.8,145.0
3068,-37.79,144.99
3070,-37.77,145.0
3071,-37.76,145.0
3072,-37.74,145.03
3073,-37.69,145.01
3074,-37.68,145.01
3075,-37.67,145.02
3076,-37.64,145.01
3078,-37.78,145.03
3079,-37.77,145.04
3081,-37.75,145.05
3082,-37.67,145.06
3083,-37.7,145.07
3084,-37.74,145.09
3085,-37.73,145.07
3086,-37.72,145.05
3087,-37.71,145.08
3088,-37.71,145.12
3089,-37.64,145.22
3090,-37.67,145.12
3091,-37.64,145.13
3093,-37.73,145.09
3094,-37.72,145.12
3095,-37.71,145.15
3096,-37.67,145.19
3097,-37.7,145.28
3099,-37.59,145.22
3101,-37.81,145.04
3102,-37.8,145.05
3103,-37.81,145.08
3104,-37.79,145.07
3105,-37.77,145.08
3106,-37.77,145.12
3107,-37.76,145.1
3108,-37.78,145.12
3109,-37.81,145.19
3110,0.0,0.0
3111,-38.18,144.47
3113,-37.73,145.22
3114,-37.78,145.21
3115,-37.74,145.27
3116,-37.75,145.33
3121,-37.83,145.01
3122,-37.84,145.05
3123,-37.83,145.04
3124,-37.82,145.06
3125,-37.84,145.12
3126,-37.84,145.09
3127,-37.82,145.1
3128,-37.82,145.12
3129,-37.8,145.13
3130,-37.82,145.15
3131,-37.84,145.18
3132,-37.82,145.19
3133,-37.84,145.19
3134,-37.81,145.23
3135,-37.82,145.25
3136,-37.8,145.28
3137,-37.8,145.31
3138,-37.77,145.33
3139,-37.8,145.54
3140,-37.76,145.35
3141,-36.99,144.06
3142,-37.84,145.0
3143,-37.86,145.02
3144,-37.84,145.03
3145,-37.88,145.04
3146,-37.85,145.07
3147,-37.86,145.08
3148,-37.89,145.08
3149,-37.88,145.13
3150,-37.88,145.17
3151,-37.86,145.14
3152,-37.87,145.24
3153,-37.84,145.27
3154,-37.85,145.31
3155,-37.86,145.28
3156,-37.88,145.3
3158,-37.9,145.33
3159,-37.92,145.4
3160,-37.91,145.36
3161,-38.03,145.31
3162,-37.88,145.03
3163,-37.89,145.06
3164,-38.02,145.24
3165,-37.93,145.06
3166,-37.9,145.08
3167,-37.93,145.1
3168,-37.93,145.12
3169,-37.94,145.1
3170,-37.87,145.1
3171,-37.95,145.16
3172,-37.97,145.12
3173,-37.99,145.15
3174,-37.97,145.18
3175,-38.03,145.18
3176,0.0,0.0
3177,-38.0,145.24
3178,-37.93,145.24
3179,-37.86,145.26
3180,-37.89,145.25
3181,-37.85,144.99
3182,-37.87,144.98
3183,-37.87,145.0
3184,-37.88,145.0
3185,-37.88,145.0
3186,-37.91,144.99
3187,-37.9,145.0
3188,-37.93,145.03
3189,-37.93,145.04
3190,-37.95,145.03
3191,-37.95,145.01
3192,-37.96,145.06
3193,-37.99,145.03
3194,-37.98,145.06
3195,-38.03,145.1
3196,-38.06,145.12
3197,-38.08,145.12
3198,-38.11,145.16
3199,-38.15,145.12
3200,-38.17,145.19
3201,-38.09,145.19
3202,-37.97,145.21
3204,-37.92,145.04
3205,-37.93,145.03
3206,-37.84,144.96
3207,-37.83,144.96
3211,-37.97,144.53
3212,-38.02,144.41
3214,-38.07,144.36
3215,-38.11,144.33
3216,-38.18,144.34
3217,-38.2,144.3
3218,-38.14,144.35
3219,-38.18,144.38
3220,-38.18,145.11
3221,-37.9,144.25
3222,-38.16,144.56
3223,-38.14,144.71
3224,-38.18,144.46
3225,-38.29,144.61
3226,-38.27,144.54
3227,-38.28,144.49
3228,-38.33,144.26
3230,-38.41,144.19
3231,-38.46,144.11
3232,-38.52,144.0
3233,-38.75,143.67
3235,-38.47,143.93
3236,-38.52,143.71
3237,-38.69,143.56
3238,-38.78,143.43
3239,-38.56,143.4
3240,-38.22,144.08
3241,-38.37,143.95
3242,-38.31,143.79
3243,-38.47,143.76
3249,-38.24,143.48
3250,-38.34,143.58
3251,-38.19,143.64
3254,-38.3,143.52
3260,-38.13,143.1
3264,-38.24,142.91
3265,-38.21,143.01
3266,-38.34,143.14
3267,-38.45,143.11
3268,-38.42,142.86
3269,-38.62,143.0
3270,-38.58,142.86
3271,-38.0,143.05
3272,-38.08,142.81
3273,-38.06,142.61
3274,-37.91,142.52
3275,-38.3,142.46
3276,-38.04,142.44
3277,-38.39,142.59
3278,-38.28,142.62
3279,-38.21,142.66
3280,-38.36,142.44
3281,-38.33,142.51
3282,-38.33,142.41
3283,-38.31,142.33
3284,-38.21,142.15
3285,-38.27,141.97
3286,-37.97,141.83
3287,-38.11,142.32
3289,-37.9,142.17
3292,-38.05,141.01
3293,-37.64,142.55
3294,-37.65,142.34
3300,-37.88,141.96
3301,-37.7,141.93
3302,-37.86,141.79
3303,-38.03,141.81
3304,-38.15,141.97
3305,-38.27,141.65
3309,-37.79,141.5
3310,-37.72,141.55
3311,-37.58,141.41
3312,-37.64,141.37
3314,-37.59,141.94
3315,-37.44,141.76
3317,-37.12,141.6
3318,-36.99,141.51
3319,-36.97,141.08
3321,-38.11,143.86
3322,-38.03,143.64
3323,-37.99,143.49
3324,-37.95,143.34
3325,-37.95,143.22
3328,-38.04,144.05
3329,-38.02,143.86
3330,-37.84,143.68
3331,-38.05,144.17
3332,-37.96,144.14
3333,-37.92,144.03
3334,-37.71,144.09
3335,-37.69,144.69
3337,-37.68,144.59
3338,-37.7,144.54
3340,-37.68,144.44
3341,-37.52,144.31
3342,-37.6,144.23
3345,-37.59,144.1
3350,-37.56,143.82
3351,-37.77,143.68
3352,-37.38,143.67
3353,-37.78,144.84
3354,-37.56,143.87
3355,-37.55,143.82
3356,-37.59,143.83
3357,-37.65,143.92
3360,-37.69,143.56
3361,-37.78,143.41
3363,-37.42,143.89
3364,-37.37,143.94
3370,-37.29,143.79
3371,-37.15,143.67
3373,-37.43,143.38
3374,0.0,0.0
3375,-37.43,143.13
3377,-37.28,142.93
3378,-37.53,142.94
3379,-37.53,142.52
3380,-37.16,142.7
3381,-36.94,143.21
3384,-36.98,143.2
3385,-36.92,142.51
3387,-36.67,142.87
3388,-36.57,142.82
3390,-36.45,142.42
3391,-36.07,142.52
3392,-36.46,142.59
3393,-36.33,142.36
3395,-35.94,142.42
3396,-35.73,142.36
3400,-36.71,142.2
3401,-36.46,142.31
3402,-37.16,142.67
3407,-37.25,141.84
3409,-36.78,141.76
3412,-36.75,141.47
3413,-36.71,141.18
3414,-36.3,142.02
3415,-36.38,141.36
3418,-36.17,141.33
3419,-36.38,141.24
3420,-36.36,141.12
3423,-36.14,141.99
3424,-35.69,141.97
3427,-37.63,144.72
3428,-37.64,144.8
3429,-37.58,144.73
3430,-37.48,144.75
3431,-37.46,144.67
3432,-37.43,144.78
3433,0.0,0.0
3434,-37.39,144.64
3435,-37.19,144.69
3437,-37.52,144.48
3438,-37.46,144.6
3440,-37.4,144.59
3441,-37.4,144.59
3442,-37.39,144.45
3444,-37.09,144.51
3446,-37.2,144.29
3447,-37.13,144.36
3448,-37.11,144.34
3450,-37.06,144.22
3451,-37.03,144.24
3453,-37.0,144.26
3458,-37.45,144.29
3460,-37.31,144.09
3461,-37.39,144.22
3462,-37.11,144.1
3463,-36.98,143.95
3464,-37.01,143.8
3465,-37.07,143.68
3467,-37.09,143.47
3468,-37.18,143.4
3469,-37.18,143.25
3472,-36.92,143.76
3475,-36.83,143.5
3477,0.0,0.0
3478,-36.54,142.92
3480,-36.24,142.69
3482,-36.23,142.86
3483,-35.98,142.75
3485,-35.64,142.77
3487,-35.61,142.58
3488,-35.4,142.44
3489,-35.34,142.48
3490,-35.2,141.6
3491,-35.38,142.19
3494,-34.46,142.23
3496,-34.29,142.15
3498,-34.23,142.18
3500,-34.18,142.16
3501,-34.85,142.33
3502,-37.97,145.26
3505,-34.2,142.06
3506,-35.28,141.4
3507,-35.19,142.02
3509,-35.17,141.69
3512,-35.22,141.09
3515,-36.74,144.13
3516,-36.59,143.92
3517,-36.3,143.92
3518,-36.5,143.46
3520,-36.33,143.84
3521,-37.12,144.88
3522,-37.13,144.75
3523,-36.94,144.73
3525,-36.27,143.43
3527,-36.06,143.39
3529,-35.78,143.26
3530,-35.72,143.11
3531,-35.64,142.99
3533,-35.36,142.79
3537,-36.01,143.67
3540,-35.76,143.45
3542,-35.76,143.28
3544,-35.51,143.2
3546,-34.96,142.88
3549,-34.85,142.83
3550,-36.76,144.28
3551,-36.69,143.87
3552,-37.83,145.01
3554,0.0,0.0
3555,-36.83,144.23
3556,-36.73,144.26
3557,-36.65,144.51
3558,-36.49,144.71
3559,-36.53,144.6
3561,-36.3,144.67
3562,-35.98,144.46
3563,-36.27,144.48
3564,-36.13,144.73
3565,-36.19,144.53
3566,-35.96,144.37
3567,-35.89,144.24
3568,-35.84,144.34
3570,-36.47,144.11
3571,-36.37,144.23
3572,-36.36,144.38
3573,-36.3,144.09
3575,-36.04,143.99
3576,-36.2,143.96
3579,-35.88,143.87
3580,-35.64,144.11
3581,-35.62,143.8
3583,-35.51,143.64
3584,-35.46,143.63
3585,-35.42,143.59
3586,-35.3,143.36
3588,-35.27,143.45
3589,-35.26,143.47
3590,-35.24,143.48
3591,-35.22,143.41
3594,-35.15,143.36
3595,-35.19,143.35
3596,-35.12,143.33
3597,-34.86,143.34
3599,-34.74,143.14
3607,-36.85,145.2
3608,-36.7,145.03
3610,-36.54,145.28
3612,-36.59,144.95
3614,-36.48,145.26
3616,-36.42,145.07
3617,-36.42,145.15
3618,-36.37,145.17
3619,-37.66,144.94
3620,-36.31,145.05
3621,-36.27,144.85
3622,-36.16,144.77
3623,-36.46,144.9
3624,-36.44,145.07
3629,-36.38,145.3
3630,-36.36,145.4
3631,-36.54,145.36
3632,-36.54,145.6
3633,-36.3,145.48
3634,-36.22,145.34
3635,-36.16,145.3
3636,-36.14,145.5
3637,-36.05,145.33
3638,-36.15,145.17
3639,-36.02,144.97
3640,-35.97,145.46
3641,-35.92,145.33
3643,-35.96,145.63
3644,-35.91,145.69
3646,-36.33,145.69
3647,-36.4,145.7
3649,-36.08,145.69
3658,-37.2,145.05
3659,-37.13,145.02
3660,-37.09,145.5
3661,-38.2,146.54
3662,0.0,0.0
3663,-36.94,145.16
3664,-36.89,145.23
3665,-36.82,145.36
3666,-36.71,145.64
3669,-36.7,145.77
3670,-36.59,145.86
3671,-36.39,145.42
3672,-36.55,145.99
3673,-36.43,145.89
3675,-36.27,146.13
3676,-36.34,146.34
3677,-36.35,146.3
3678,-36.52,146.5
3682,-36.24,146.41
3683,-36.15,146.61
3685,-36.1,146.22
3687,-36.01,146.4
3688,-36.11,146.67
3689,-37.68,144.99
3690,-36.1,146.82
3691,-36.28,146.91
3694,-36.14,146.92
3695,-36.3,147.14
3697,-36.67,147.21
3698,0.0,0.0
3699,-36.81,147.22
3700,-36.18,147.34
3701,-36.53,147.5
3704,-36.1,147.54
3705,-36.19,147.77
3707,-36.28,148.03
3708,-36.05,147.93
3709,-36.05,147.56
3711,-37.42,145.71
3712,-37.33,145.86
3713,-37.23,145.91
3714,-37.25,145.7
3715,-36.97,145.79
3717,-37.34,145.29
3718,-37.13,145.53
3719,-37.01,145.62
3720,-37.02,145.86
3722,-37.01,146.22
3723,-36.89,146.26
3724,-37.05,146.08
3725,-36.32,145.8
3726,-36.28,146.06
3727,-36.23,146.06
3728,-36.1,146.08
3730,-36.03,146.08
3732,-36.58,146.38
3733,-36.75,146.41
3735,-36.52,146.58
3736,-36.46,146.48
3737,-36.98,146.78
3738,-36.61,146.79
3739,-36.7,146.85
3740,-36.82,146.85
3741,-36.73,146.96
3744,-36.75,146.98
3746,-36.3,146.58
3747,-36.36,146.69
3749,-36.41,146.86
3750,-38.38,144.81
3751,-37.69,144.89
3752,-37.65,145.1
3753,-37.47,145.0
3754,-37.62,145.15
3755,-37.57,145.14
3756,-37.4,144.8
3757,-37.45,145.11
3758,-37.38,145.03
3759,-37.64,145.24
3760,-37.62,145.29
3761,0.0,0.0
3762,0.0,0.0
3763,-37.48,145.28
3764,-37.31,144.89
3765,-37.81,145.34
3766,-37.82,145.37
3767,-37.84,145.36
3770,-37.72,145.38
3775,-37.65,145.32
3777,-37.69,145.54
3778,-37.63,145.7
3779,-37.56,145.89
3781,-37.94,145.49
3782,-37.92,145.47
3783,-37.95,145.55
3785,-38.27,144.49
3786,-37.88,145.34
3787,-37.88,145.37
3788,-37.86,145.36
3789,-37.88,145.36
3791,-37.9,145.41
3792,-37.89,145.39
3793,-37.87,145.41
3795,-37.84,145.41
3796,-37.79,145.38
3797,-37.86,145.71
3799,-37.76,145.75
3800,-37.91,145.13
3802,-37.98,145.25
3803,-38.0,145.27
3804,-37.97,145.36
3805,-38.02,145.3
3806,-38.03,145.34
3807,-38.05,145.37
3808,-38.0,145.41
3809,-38.06,145.41
3810,-38.08,145.49
3812,-38.04,145.61
3813,-38.09,145.63
3814,-38.15,145.61
3815,-38.1,145.72
3816,-38.05,145.83
3818,-38.24,145.78
3820,-38.21,145.96
3821,-38.1,145.92
3822,-38.24,146.0
3823,-38.26,146.03
3824,-38.3,146.11
3825,-37.7,146.36
3831,-37.96,145.99
3832,-37.91,145.93
3833,-37.84,145.85
3835,-38.33,146.12
3840,-38.28,146.32
3841,0.0,0.0
3842,-38.32,146.42
3844,-38.41,146.64
3847,-38.26,146.75
3850,-38.42,147.08
3851,-38.04,147.08
3852,-38.11,147.13
3853,-38.1,146.06
3854,-38.12,146.57
3856,-38.07,146.67
3857,-38.0,146.69
3858,-37.97,146.69
3859,-37.89,146.85
3860,-37.88,146.99
3862,-37.57,147.19
3864,-37.86,147.34
3865,-37.8,147.46
3869,-38.4,146.42
3870,-38.38,146.28
3871,-38.29,146.05
3873,-38.29,146.72
3874,-38.38,146.79
3875,-37.83,147.63
3878,-37.89,147.67
3880,-37.92,147.69
3882,-37.82,147.73
3885,-37.71,147.83
3886,-37.74,148.43
3887,-37.84,148.12
3888,-37.15,148.88
3889,-37.93,145.91
3890,-37.27,149.14
3891,-37.48,149.59
3892,-37.55,149.73
3893,-37.59,147.89
3895,-37.3,147.75
3896,-37.11,147.81
3898,-37.02,147.47
3900,-36.95,147.7
3902,-37.79,147.83
3903,-37.81,147.84
3904,-37.87,147.85
3909,-37.86,147.92
3910,-38.15,145.19
3911,-38.2,145.16
3912,-38.2,145.23
3913,-38.26,145.19
3915,-38.31,145.19
3916,-38.39,145.09
3918,-38.34,145.18
3919,-38.37,145.2
3920,0.0,0.0
3921,-38.34,145.34
3922,-38.45,145.24
3923,-38.46,145.31
3925,-38.54,145.34
3926,-38.37,145.13
3927,-38.38,145.15
3928,-38.4,144.97
3929,-38.47,145.02
3930,-38.19,145.08
3931,-38.24,145.06
3933,-38.24,145.09
3934,-38.3,144.99
3936,-38.35,144.95
3937,-38.37,145.01
3938,-37.99,145.22
3939,-38.4,144.9
3940,0.0,0.0
3941,-38.37,144.82
3942,-38.36,144.77
3943,-38.34,144.74
3944,-38.34,144.71
3945,-37.97,145.16
3946,-38.43,145.72
3950,-38.45,145.88
3951,-38.39,145.89
3953,-38.41,146.07
3954,-38.55,145.95
3956,-38.53,146.1
3957,-37.94,145.27
3958,-38.64,146.07
3959,-38.69,146.08
3960,-38.67,146.27
3962,-38.67,146.4
3964,-38.68,146.27
3965,-38.69,146.45
3966,-38.58,146.45
3967,-37.69,144.96
3971,-38.61,146.67
3975,-38.05,145.26
3976,-38.03,145.27
3977,-38.21,145.32
3978,-38.15,145.42
3979,-38.43,145.56
3980,-38.21,145.34
3981,-38.18,145.57
3984,-38.32,145.54
3987,-38.33,145.67
3988,-38.29,145.89
3990,-38.45,145.53
3991,-38.48,145.47
3992,-38.49,145.62
3995,-38.53,145.45
3996,-38.63,145.73
4000,-27.47,153.03
4001,-27.6,152.82
4002,0.0,0.0
4003,-24.87,152.35
4004,-24.05,149.32
4005,-27.47,153.05
4006,-27.44,153.04
4007,-27.43,153.06
4008,-27.42,153.12
4009,-27.43,153.09
4010,-27.43,153.05
4011,-27.42,153.06
4012,-27.4,153.06
4013,-27.39,153.07
4014,-27.38,153.08
4017,-27.33,153.03
4018,-27.35,153.03
4019,-27.26,153.08
4020,-27.23,153.12
4021,-27.23,153.09
4022,-27.21,153.05
4025,-27.08,153.37
4029,-27.45,153.03
4030,-27.42,153.03
4031,-27.41,153.03
4032,-27.39,153.03
4034,-27.36,153.02
4035,-27.35,152.97
4036,-27.31,153.01
4037,-27.34,152.95
4051,-27.42,153.0
4053,-27.41,152.98
4054,-27.4,152.96
4055,-27.37,152.94
4059,-27.45,153.01
4060,-27.45,152.99
4061,-27.44,152.94
4064,-27.47,153.0
4065,-27.46,152.98
4066,-27.48,152.99
4067,-27.49,153.01
4068,-27.51,152.98
4069,-27.49,152.9
4070,-27.55,152.87
4072,-27.55,152.33
4073,-27.55,152.96
4074,-27.56,152.93
4075,-27.54,152.98
4076,-27.57,152.95
4077,-27.61,152.98
4078,-27.61,152.95
4101,-27.49,153.02
4102,-27.5,153.04
4103,-27.51,153.03
4104,-27.52,153.02
4105,-27.53,153.03
4106,-27.53,153.0
4107,-27.54,153.03
4108,-27.57,153.02
4109,-27.57,153.08
4110,-27.59,153.03
4111,-27.55,153.06
4112,-27.61,153.09
4113,-27.58,153.09
4114,-27.66,153.12
4115,-27.61,153.03
4116,-27.62,153.05
4117,-27.64,153.08
4118,-27.66,153.04
4119,-27.59,153.11
4120,-27.51,153.05
4121,-27.52,153.06
4122,-27.54,153.1
4123,-27.57,153.13
4124,-27.69,153.02
4125,-27.75,153.03
4127,-27.64,153.15
4128,-27.65,153.17
4129,-27.69,153.18
4130,-27.69,153.28
4131,-27.68,153.13
4132,-27.69,153.09
4133,-27.74,153.09
4151,-27.5,153.06
4152,-27.49,153.08
4153,-27.5,153.13
4154,-27.49,153.15
4155,-19.26,146.78
4156,-27.56,153.16
4157,-27.53,153.19
4158,-27.48,153.2
4159,-27.5,153.21
4160,-27.52,153.26
4161,-27.52,153.22
4163,-27.53,153.26
4164,-27.56,153.26
4165,-27.62,153.24
4169,-27.48,153.05
4170,-27.47,153.1
4171,-27.46,153.07
4172,-27.46,153.11
4173,-27.47,153.13
4174,-27.45,153.13
4178,-27.42,153.16
4179,-27.47,153.18
4183,-27.4,153.44
4184,-27.57,153.33
4205,-27.69,153.16
4207,-27.72,153.27
4208,-27.75,153.26
4209,-27.87,153.32
4210,-27.94,153.23
4211,-28.03,153.28
4212,-27.92,153.33
4213,-28.14,153.32
4214,-27.94,153.37
4215,-27.97,153.42
4216,-27.93,153.4
4217,-28.01,153.39
4218,-28.03,153.43
4219,-28.11,153.44
4220,-28.09,153.45
4221,-28.14,153.47
4222,0.0,0.0
4223,-28.14,153.48
4224,-28.14,153.49
4225,-28.16,153.51
4226,-28.04,153.4
4227,-28.11,153.4
4228,-28.15,153.42
4229,-28.08,153.41
4230,-28.08,153.39
4270,-27.88,153.13
4271,-27.92,153.21
4272,-27.95,153.19
4275,-28.0,153.16
4280,-27.83,153.03
4285,-27.9,152.94
4287,-28.26,152.78
4300,-27.67,152.89
4301,-27.61,152.86
4303,-27.6,152.83
4304,-27.63,152.8
4305,-27.6,152.77
4306,-27.64,152.7
4307,-27.82,152.57
4309,-27.98,152.55
4310,-28.0,152.71
4311,-27.42,152.46
4312,-27.27,152.59
4313,-27.16,152.33
4340,-27.63,152.56
4341,-27.65,152.33
4342,-27.54,152.38
4343,-27.51,152.3
4344,-27.59,152.15
4345,-27.55,152.34
4346,-27.56,152.59
4347,-27.57,152.2
4350,-27.62,151.77
4352,-28.58,151.8
4353,-27.26,151.9
4354,-27.32,151.91
4355,-27.13,152.09
4356,-27.57,151.45
4357,-28.06,151.16
4358,-27.71,151.86
4359,-27.79,152.02
4360,-27.84,151.89
4361,-27.89,151.8
4362,-28.04,151.98
4363,-27.68,151.74
4364,-27.71,151.4
4365,-28.02,151.6
4370,-28.2,151.95
4371,-28.23,152.25
4372,-28.3,152.23
4373,-28.34,152.29
4374,-28.49,151.97
4375,-28.53,151.95
4376,-28.54,151.93
4377,-28.58,151.97
4378,-28.61,151.96
4380,-28.61,151.9
4381,-28.74,151.87
4382,-28.8,151.84
4383,-28.88,151.91
4384,-28.73,151.18
4385,-28.72,150.97
4387,-28.61,151.13
4388,-28.62,150.55
4390,-28.15,150.29
4400,-27.5,151.8
4401,-27.3,151.69
4402,-26.98,151.83
4403,-27.22,151.59
4404,-27.31,151.49
4405,-27.19,151.4
4406,-27.89,150.6
4407,-27.65,150.84
4408,-26.93,151.45
4410,-26.78,151.11
4411,-26.93,150.92
4412,-26.84,150.79
4413,-26.71,150.55
4415,-26.67,150.33
4416,-27.01,150.06
4417,-27.16,149.16
4418,-26.26,150.05
4419,-25.73,150.28
4420,-25.49,149.53
4421,-27.29,150.6
4422,-27.56,149.61
4423,-27.25,149.68
4424,-26.64,149.98
4425,-26.52,149.78
4426,-26.64,149.62
4427,-26.13,149.37
4428,-26.58,149.11
4454,-25.72,148.67
4455,-27.12,148.62
4461,-26.6,148.36
4462,-26.55,148.19
4465,-26.97,148.06
4467,-26.45,147.54
4468,-26.09,146.83
4470,-26.65,146.18
4471,-27.37,145.96
4472,-24.42,145.47
4474,-25.91,144.6
4475,-26.63,145.02
4477,-25.79,146.59
4478,-25.48,146.01
4479,-26.65,145.46
4480,-26.67,143.27
4481,-25.39,141.55
4482,-25.9,139.35
4486,-28.59,148.23
4487,-27.51,148.32
4488,-28.03,147.48
4489,-27.25,145.98
4490,-28.84,145.82
4491,-28.17,145.04
4492,-27.78,143.37
4493,-29.0,144.41
4494,-28.42,149.66
4496,-28.44,149.47
4497,-28.6,148.99
4498,-28.21,149.79
4500,-27.29,152.96
4501,-27.28,152.98
4502,-27.27,152.98
4503,-27.23,152.98
4504,-27.19,152.93
4505,-27.17,152.95
4506,-27.15,152.86
4507,-27.05,153.14
4508,-27.2,153.03
4509,-27.23,153.02
4510,-27.13,153.05
4511,-27.08,153.11
4512,-27.01,152.84
4514,-26.85,152.72
4515,-26.96,152.61
4516,-27.02,152.94
4517,-26.95,152.96
4518,-26.9,152.96
4519,-26.86,152.96
4520,-27.23,152.8
4521,-27.07,152.81
4550,-26.81,152.96
4551,-26.78,153.11
4552,-26.78,152.89
4553,-26.76,152.93
4554,-26.73,152.96
4555,-26.7,152.99
4556,-26.69,153.05
4557,-26.68,153.12
4558,-26.66,153.1
4559,-26.65,153.04
4560,-26.62,153.04
4561,-26.53,152.93
4562,-26.48,152.8
4563,-26.42,152.85
4564,-26.58,153.1
4565,-26.29,152.99
4566,-26.4,153.06
4567,-26.43,153.11
4568,-26.33,152.86
4569,-26.33,152.82
4570,-26.35,152.67
4571,-26.22,152.93
4572,-26.67,153.11
4573,-26.53,153.09
4574,-26.6,152.76
4575,-26.75,153.12
4580,-26.01,153.06
4581,-25.51,153.12
4600,-26.22,152.27
4601,-26.33,152.17
4605,-26.2,151.89
4606,-26.25,151.81
4608,-26.37,151.94
4610,-26.76,151.63
4611,-26.16,151.75
4612,-26.18,151.69
4613,-26.11,151.63
4614,-26.82,151.9
4615,-26.65,151.95
4620,-25.61,152.33
4621,-25.51,152.05
4625,-25.81,151.67
4626,-25.81,151.21
4627,-25.14,151.13
4630,-24.79,151.23
4650,-25.47,152.66
4655,-25.35,152.89
4659,-25.29,152.63
4660,-25.2,152.33
4662,-25.35,152.6
4670,-24.84,152.02
4671,-25.08,151.68
4673,-24.69,152.17
4674,-24.47,151.95
4676,-24.63,151.59
4677,-24.21,151.9
4678,-24.24,151.5
4680,-23.86,151.27
4694,-23.84,151.07
4695,-23.79,150.93
4697,-23.72,150.82
4699,-23.65,150.64
4700,-23.39,150.5
4701,-23.36,150.52
4702,-24.33,149.78
4703,-23.11,150.7
4704,-23.12,150.46
4705,-22.74,149.31
4706,-22.59,149.64
4707,-21.87,149.14
4709,-23.04,148.34
4710,-23.26,150.83
4711,-23.25,150.48
4712,-23.7,149.67
4713,-24.11,149.43
4714,-23.62,150.39
4715,-24.4,150.51
4716,-24.58,150.67
4717,-23.59,148.88
4718,-24.57,149.3
4719,-25.05,150.16
4720,-23.53,148.16
4721,-23.28,147.56
4722,-24.51,147.42
4723,-23.01,148.23
4724,-23.65,146.64
4725,-23.55,145.29
4726,-22.97,145.25
4727,-23.85,144.47
4728,-22.69,146.15
4730,-23.04,144.53
4731,-24.26,144.44
4732,-22.59,144.55
4733,-21.71,143.37
4735,-23.76,141.14
4736,-24.83,143.06
4737,-21.45,149.29
4738,-21.7,149.36
4739,-21.91,149.42
4740,-21.16,149.1
4741,-20.9,149.0
4742,-21.54,148.08
4743,-21.36,148.12
4744,-22.0,148.05
4745,-22.59,148.35
4746,-22.64,148.92
4750,-21.04,149.16
4751,-21.19,149.03
4753,-21.12,148.89
4754,-21.16,148.81
4756,-21.14,148.63
4757,-21.17,148.51
4798,-20.9,148.77
4799,-20.71,148.6
4800,-20.58,148.42
4801,-20.05,148.89
4802,-20.27,148.72
4803,-20.35,148.96
4804,-20.55,147.85
4805,-20.38,147.89
4806,-19.67,147.45
4807,-19.55,147.44
4808,-19.55,147.35
4809,-19.53,147.21
4810,-19.25,146.8
4811,-19.32,146.82
4812,-19.27,146.78
4813,0.0,0.0
4814,-19.3,146.76
4815,-19.33,146.73
4816,-19.42,146.95
4817,-19.33,146.6
4818,-19.2,146.66
4819,-19.15,146.86
4820,-20.08,146.25
4821,-20.28,143.88
4822,-21.51,142.69
4823,-18.13,139.96
4824,-20.7,140.51
4825,-21.16,149.1
4828,-19.92,138.12
4829,-23.39,139.67
4830,-17.74,139.55
4849,-18.27,146.03
4850,-18.47,145.89
4852,-17.83,146.1
4854,-18.12,145.91
4855,-17.79,146.02
4856,-17.72,146.03
4857,-17.75,146.02
4858,-17.57,146.04
4859,-17.6,145.97
4860,-17.56,146.0
4861,-17.34,145.92
4865,-17.15,145.74
4868,-16.96,145.73
4869,-17.0,145.74
4870,-16.88,145.75
4871,-17.61,143.19
4872,-17.23,145.62
4873,-16.37,145.38
4874,-12.66,141.85
4875,-10.12,142.14
4876,-10.85,142.43
4877,-16.54,145.47
4878,-16.84,145.71
4879,-16.77,145.67
4880,-17.11,145.3
4881,-16.82,145.51
4882,-17.19,145.46
4883,-17.27,145.47
4884,-17.22,145.7
4885,-17.36,145.69
4886,-17.54,145.61
4887,-17.38,145.39
4888,-17.5,145.49
4890,-17.28,141.63
4891,-17.48,140.84
4895,-16.01,145.26
5000,-34.93,138.6
5001,-35.12,139.27
5005,-34.92,138.6
5006,-34.92,138.6
5007,-34.9,138.58
5008,-34.9,138.56
5009,-34.9,138.56
5010,-34.86,138.56
5011,-34.88,138.54
5012,-34.86,138.54
5013,-34.84,138.53
5014,-34.88,138.52
5015,-34.84,138.5
5016,-34.82,138.49
5017,-34.8,138.49
5018,-34.79,138.5
5019,-34.84,138.49
5020,-34.87,138.48
5021,-34.87,138.48
5022,-34.9,138.49
5023,-34.91,138.53
5024,-34.93,138.51
5025,-34.91,138.55
5031,-34.93,138.56
5032,-34.93,138.54
5033,-34.93,138.56
5034,-34.96,138.59
5035,-34.95,138.57
5037,-34.96,138.57
5038,-34.97,138.54
5039,-34.97,138.58
5040,-34.96,138.53
5041,-34.98,138.59
5042,-35.02,138.57
5043,-34.99,138.56
5044,-34.99,138.53
5045,-34.98,138.52
5046,-35.01,138.55
5047,-35.03,138.56
5048,-35.02,138.52
5049,-35.04,138.52
5050,-35.03,138.59
5051,-35.02,138.62
5052,-35.0,138.62
5061,-34.96,138.61
5062,-34.99,138.65
5063,-34.94,138.62
5064,-34.96,138.64
5065,-34.94,138.63
5066,-34.95,138.66
5067,-34.92,138.64
5068,-34.93,138.65
5069,-34.91,138.62
5070,-34.89,138.64
5071,-34.92,138.62
5072,-34.92,138.68
5073,-34.89,138.66
5074,-34.88,138.66
5075,-34.86,138.68
5076,-34.87,138.7
5081,-34.88,138.62
5082,-34.9,138.59
5083,-34.87,138.61
5084,-34.86,138.6
5085,-34.86,138.62
5086,-34.86,138.66
5087,-34.88,138.64
5088,-34.86,138.66
5089,-34.85,138.7
5090,0.0,0.0
5091,-34.81,138.72
5092,-34.83,138.69
5093,-34.83,138.67
5094,-34.83,138.6
5095,-34.82,138.62
5096,-34.79,138.67
5097,-34.82,138.7
5098,-34.83,138.65
5106,-34.79,138.64
5107,-34.79,138.6
5108,-34.76,138.61
5109,-34.77,138.66
5110,-34.77,138.59
5111,-34.71,138.63
5112,-34.71,138.67
5113,-34.7,138.67
5114,-34.67,138.67
5115,-34.64,138.7
5116,-34.62,138.73
5117,-34.64,138.64
5118,-34.64,138.77
5120,-34.66,138.51
5121,-34.66,138.64
5125,-34.79,138.7
5126,-34.8,138.72
5127,-34.8,138.69
5131,-34.83,138.76
5132,-34.85,138.77
5133,-34.82,138.77
5134,-34.91,138.77
5136,-34.92,138.72
5137,-34.94,138.74
5138,-34.95,138.76
5139,-34.93,138.8
5140,-34.95,138.7
5141,-34.94,138.71
5142,-34.96,138.74
5144,-34.97,138.75
5150,-34.98,138.67
5151,0.0,0.0
5152,-34.97,138.7
5153,-35.07,138.78
5154,-35.01,138.73
5155,-35.01,138.76
5156,-35.02,138.68
5157,-35.28,138.77
5158,-35.08,138.52
5159,-35.08,138.59
5160,-35.1,138.5
5161,-35.09,138.54
5162,-35.12,138.52
5163,-35.14,138.53
5164,-35.13,138.5
5165,-35.14,138.47
5166,-35.12,138.48
5167,-35.15,138.47
5168,-35.14,138.49
5169,-35.2,138.47
5170,-35.22,138.48
5171,-35.16,138.59
5172,-35.27,138.63
5173,-35.27,138.48
5174,-35.33,138.45
5201,-35.25,138.71
5202,-35.42,138.57
5203,-35.5,138.39
5204,-35.6,138.11
5210,-35.35,138.62
5211,-35.53,138.53
5212,-35.53,138.67
5213,-35.51,138.71
5214,-35.45,138.77
5220,0.0,0.0
5221,-35.77,137.78
5222,-35.78,137.88
5223,-35.61,137.57
5231,-34.82,138.83
5232,-34.86,138.86
5233,-34.8,138.9
5234,-34.95,138.56
5235,-34.79,138.97
5236,-34.87,139.06
5237,-34.86,139.2
5238,-34.76,139.31
5240,-34.92,138.83
5241,-34.91,138.85
5242,-34.99,138.83
5243,-34.99,138.84
5244,-34.92,138.9
5245,-35.03,138.81
5246,-34.93,138.68
5250,-35.04,138.88
5251,-35.13,138.89
5252,-35.0,138.94
5253,-35.09,139.31
5254,-35.33,139.88
5255,-35.32,139.0
5256,-35.5,138.93
5259,-35.51,139.37
5260,-34.61,140.3
5261,-35.38,139.56
5262,-36.8,140.93
5263,-37.29,140.84
5264,-35.57,138.98
5265,-35.7,139.86
5266,-36.24,139.97
5267,-36.17,140.47
5268,-36.57,140.94
5269,-36.28,140.91
5270,-36.34,140.55
5271,-37.14,140.72
5272,-37.26,140.61
5273,-34.8,138.76
5275,-36.78,140.02
5276,-37.27,139.95
5277,-37.23,140.93
5278,-37.56,140.7
5279,-37.62,140.65
5280,-37.48,140.01
5290,-37.83,140.78
5291,-38.0,140.71
5301,-35.58,140.04
5302,-35.33,140.52
5303,-35.42,140.69
5304,-34.99,140.78
5306,-35.13,139.73
5307,-35.1,139.89
5308,-34.79,139.85
5309,-35.02,140.05
5310,-34.65,140.28
5311,-34.74,140.51
5320,-34.01,139.44
5321,-34.09,139.77
5322,-34.2,139.94
5330,-34.42,140.04
5331,-34.22,140.35
5332,-34.29,140.36
5333,-34.35,140.6
5340,-34.22,140.81
5341,-34.21,140.69
5342,-34.24,140.56
5343,-34.29,140.6
5344,-34.27,140.53
5345,-34.25,140.47
5346,-34.24,140.41
5350,-34.55,138.85
5351,-34.6,138.91
5352,-34.54,138.98
5353,-34.5,139.05
5354,-34.66,139.78
5355,-34.47,138.88
5356,-34.39,139.39
5357,-34.35,139.61
5360,-34.46,138.93
5371,-34.41,138.75
5372,-34.45,138.81
5373,-34.3,138.92
5374,-34.09,139.17
5381,-33.97,139.0
5400,-34.43,138.7
5401,-34.27,138.63
5410,-34.36,138.77
5411,-34.22,138.73
5412,-34.22,138.74
5413,-33.93,138.94
5414,-33.98,138.79
5415,-33.92,138.72
5416,-33.83,138.79
5417,-33.65,139.06
5418,-33.35,139.11
5419,-33.39,138.76
5420,-33.18,138.76
5421,-33.13,139.08
5422,-32.73,139.0
5431,-32.6,138.33
5432,-32.23,138.71
5433,-32.45,138.2
5434,-31.8,138.36
5440,-32.08,141.0
5451,-34.03,138.68
5452,-33.98,138.65
5453,-33.84,138.58
5454,-33.6,138.63
5455,-33.71,138.65
5460,-34.35,138.59
5461,-34.15,138.42
5462,-33.85,138.49
5464,-33.72,138.55
5470,-33.57,138.41
5471,-33.47,138.48
5472,-33.37,138.43
5473,-33.28,138.35
5480,-33.05,138.43
5481,-32.95,138.16
5482,-32.88,138.35
5483,-32.83,138.19
5485,-32.65,138.1
5490,-33.18,138.48
5491,-33.27,138.65
5493,-33.03,138.75
5495,-32.92,137.98
5501,-34.28,138.34
5502,-34.49,138.61
5510,-33.93,138.17
5520,-33.83,138.12
5521,-33.54,138.22
5522,-33.55,137.94
5523,-33.26,138.25
5540,-33.2,138.07
5550,-34.07,138.23
5552,-34.15,137.94
5554,-34.03,137.67
5555,-33.82,137.82
5556,-33.9,137.63
5558,-34.16,137.74
5560,-33.86,138.01
5570,-34.18,137.98
5571,-34.42,137.92
5572,-34.26,137.76
5573,-34.32,137.49
5575,-34.73,137.48
5576,-35.1,137.65
5577,-35.18,137.21
5580,-34.67,137.76
5581,-34.78,137.86
5582,-35.02,137.76
5583,-35.04,137.73
5600,-32.94,137.58
5601,-32.75,137.17
5602,-33.68,136.93
5603,-33.91,136.57
5604,-34.11,136.33
5605,-34.11,136.17
5606,-34.73,135.87
5607,-34.66,135.86
5608,-33.03,137.53
5609,-33.03,137.55
5630,-34.41,135.71
5631,-34.21,135.84
5632,-34.15,135.5
5633,-33.56,135.98
5640,-33.5,136.45
5641,-33.18,136.62
5642,-33.47,136.2
5650,-33.21,135.96
5651,-33.13,135.56
5652,-32.79,135.38
5653,0.0,0.0
5654,-33.2,135.15
5655,-32.58,135.05
5660,-32.61,134.5
5661,-32.36,134.74
5670,-33.62,134.99
5671,-33.14,134.36
5680,-32.36,134.24
5690,-31.84,132.68
5700,-32.73,137.92
5710,-32.54,137.74
5720,-31.26,136.8
5722,-30.45,137.16
5723,-29.04,134.72
5724,-27.31,133.62
5725,-30.46,136.88
5730,-30.81,138.4
5731,-27.8,140.62
5732,-30.55,138.42
5733,-30.07,138.28
5734,-27.55,135.45
5800,-35.12,139.27
5810,-35.12,139.27
5839,-35.12,139.27
5860,0.0,0.0
5861,0.0,0.0
5862,0.0,0.0
5863,0.0,0.0
5864,0.0,0.0
5865,0.0,0.0
5866,0.0,0.0
5867,0.0,0.0
5868,0.0,0.0
5869,0.0,0.0
5870,0.0,0.0
5871,0.0,0.0
5872,0.0,0.0
5873,0.0,0.0
5874,0.0,0.0
5875,0.0,0.0
5876,0.0,0.0
5877,0.0,0.0
5878,0.0,0.0
5879,0.0,0.0
5880,0.0,0.0
5881,0.0,0.0
5882,0.0,0.0
5883,0.0,0.0
5884,0.0,0.0
5885,0.0,0.0
5886,0.0,0.0
5887,0.0,0.0
5888,0.0,0.0
5889,0.0,0.0
5890,0.0,0.0
5891,0.0,0.0
5892,0.0,0.0
5893,0.0,0.0
5894,0.0,0.0
5895,0.0,0.0
5896,0.0,0.0
5897,0.0,0.0
5898,0.0,0.0
5899,0.0,0.0
5900,0.0,0.0
5901,0.0,0.0
5902,0.0,0.0
5903,0.0,0.0
5904,0.0,0.0
5920,0.0,0.0
5942,-34.86,138.57
5950,-34.95,138.53
5960,0.0,0.0
6000,-31.92,115.91
6001,-31.99,115.76
6003,-31.94,115.87
6004,-31.94,115.88
6005,-31.97,115.84
6006,-31.98,115.76
6007,-31.94,115.84
6008,-31.95,115.81
6009,-31.98,115.81
6010,-31.98,115.78
6011,-32.0,115.76
6012,-32.01,115.76
6014,-31.94,115.79
6015,-31.94,115.75
6016,-31.92,115.81
6017,-31.91,115.81
6018,-31.92,115.79
6019,-31.89,115.76
6020,-31.85,115.78
6021,-31.86,115.82
6022,-31.85,115.8
6023,-31.83,115.77
6024,-31.83,115.8
6025,-31.78,115.77
6026,-31.81,115.79
6027,-31.78,115.76
6028,-31.73,115.72
6029,-31.88,115.75
6030,-31.68,115.72
6031,-31.7,115.81
6032,-31.64,115.74
6033,-31.6,115.75
6034,-31.85,115.81
6035,-31.55,115.63
6036,-31.65,115.71
6037,-31.51,115.6
6038,-32.29,115.72
6041,-31.35,115.53
6042,-31.25,115.45
6043,-31.2,115.42
6044,-31.05,115.42
6050,-31.91,115.86
6051,-31.93,115.89
6052,-31.91,115.89
6053,-31.92,115.91
6054,-31.92,115.94
6055,-31.87,115.98
6056,-31.8,116.03
6057,-31.94,116.01
6058,-31.99,116.01
6059,-31.88,115.86
6060,-31.91,115.85
6061,-31.86,115.84
6062,-31.9,115.92
6063,-31.87,115.92
6064,-31.83,115.87
6065,-31.73,115.79
6066,-31.84,115.89
6067,-31.82,115.91
6068,-31.83,115.94
6069,-31.77,116.01
6070,-31.92,116.08
6071,-31.91,116.1
6072,-31.87,116.18
6073,-31.9,116.17
6074,-31.9,116.2
6076,-32.01,116.09
6077,0.0,0.0
6078,0.0,0.0
6079,0.0,0.0
6081,-31.88,116.15
6082,-31.74,116.3
6083,-31.79,116.2
6084,-31.62,116.21
6090,-31.86,115.89
6100,-31.96,115.9
6101,-31.98,115.91
6102,-32.0,115.92
6103,-31.96,115.91
6104,-31.94,115.92
6105,-31.96,115.93
6106,-31.99,115.95
6107,-32.01,115.96
6108,-32.05,115.96
6109,-32.05,115.98
6110,-32.07,116.0
6111,-32.1,116.19
6112,-32.15,116.01
6121,-32.21,115.92
6122,-32.22,116.01
6123,-32.3,115.99
6124,-32.34,116.07
6125,-32.36,115.9
6126,-32.44,115.98
6147,-32.04,115.94
6148,-32.03,115.92
6149,-32.06,115.86
6150,-32.06,115.84
6151,-31.99,115.88
6152,-31.99,115.87
6153,-32.02,115.83
6154,-32.03,115.81
6155,-32.06,115.92
6156,-32.03,115.8
6157,-32.03,115.78
6158,-32.04,115.76
6159,-32.03,115.75
6160,-32.04,115.76
6161,-32.01,115.5
6162,-32.07,115.76
6163,-32.09,115.84
6164,-32.13,115.86
6165,-32.19,115.8
6166,-32.12,115.77
6167,-32.23,115.87
6168,-32.3,115.76
6169,-32.3,115.71
6170,-32.26,115.81
6171,-32.33,115.82
6172,-32.38,115.75
6173,-32.4,115.75
6174,-32.43,115.75
6175,-32.45,115.76
6176,-32.36,115.91
6180,-31.78,115.86
6181,0.0,0.0
6182,0.0,0.0
6207,-32.49,116.07
6208,-32.64,115.87
6209,-32.56,115.77
6210,-32.55,115.75
6211,-32.69,115.65
6213,-32.62,116.08
6214,-32.73,115.76
6215,-32.88,115.92
6218,-32.96,115.9
6220,-33.0,115.89
6221,-33.15,115.94
6223,-33.17,115.86
6224,-33.23,115.91
6225,-33.34,116.1
6226,-33.29,115.83
6227,-33.31,115.81
6228,-33.34,115.77
6229,-33.35,115.69
6230,-33.33,115.64
6231,-33.36,115.66
6232,-33.32,115.7
6233,-33.28,115.71
6236,-33.47,115.81
6237,-33.48,115.73
6239,-33.55,115.77
6240,-33.56,115.99
6243,-33.7,116.29
6244,-33.83,116.39
6251,-33.77,115.83
6252,-33.75,115.95
6253,-33.79,115.98
6254,-33.85,116.06
6255,-33.79,116.3
6256,-34.01,116.15
6258,-34.23,116.2
6260,-34.35,115.94
6262,-34.69,116.21
6271,-33.56,115.56
6275,-33.84,115.66
6280,-33.68,115.46
6281,-33.62,115.11
6282,-33.65,115.03
6284,-33.87,115.42
6285,-33.91,115.03
6286,-34.13,115.05
6288,-34.16,115.2
6290,-34.32,115.16
6302,-31.85,117.01
6304,-32.18,117.12
6306,-32.37,117.31
6308,-32.68,116.82
6309,-32.63,117.26
6311,-32.77,117.31
6312,-32.95,117.36
6313,-33.06,117.15
6315,-33.34,117.03
6316,-33.5,117.41
6317,-33.63,117.9
6318,-33.85,117.64
6320,-34.01,117.56
6321,-34.3,117.56
6322,-34.36,117.56
6323,-34.5,117.59
6324,-34.72,117.51
6326,-34.77,117.7
6327,-34.89,117.69
6328,-34.84,118.34
6330,-35.02,117.88
6331,0.0,0.0
6332,-32.05,115.97
6333,-34.97,116.95
6335,-33.94,118.01
6336,-34.1,118.55
6337,-33.75,119.46
6338,-34.24,118.22
6341,-33.54,118.15
6343,-33.65,118.52
6346,-34.07,119.59
6348,-33.87,120.16
6350,-33.31,117.74
6351,-33.19,117.92
6352,-33.19,118.08
6353,-33.02,118.66
6355,-33.43,119.52
6356,-33.09,119.66
6357,-32.76,118.63
6358,-32.5,118.71
6359,-32.44,119.78
6361,-32.93,117.88
6363,-32.87,117.9
6365,-32.68,118.44
6367,-32.5,118.27
6368,-32.21,118.33
6369,-32.07,118.76
6370,-32.77,117.71
6372,-32.6,117.68
6373,-32.5,117.74
6375,-32.25,117.72
6383,-31.9,117.44
6384,-31.95,117.66
6385,-31.93,117.76
6386,-31.93,117.84
6390,-32.67,116.52
6391,-33.04,116.57
6392,-33.47,116.91
6393,-33.51,116.68
6394,-33.57,117.03
6395,-33.7,117.23
6396,-34.31,116.98
6397,-34.48,117.1
6398,-34.92,116.47
6401,-31.54,116.61
6403,-31.6,116.81
6405,-31.51,116.94
6407,-31.65,117.23
6409,-31.52,117.43
6410,-31.62,117.59
6411,-31.61,117.88
6412,-31.58,117.99
6413,-31.53,118.08
6414,-31.47,118.15
6415,-31.24,118.41
6418,-31.88,118.15
6419,-32.03,118.1
6420,-31.8,118.56
6421,-31.4,118.48
6422,-31.37,118.6
6423,-31.0,118.86
6424,-31.37,118.85
6425,-31.56,119.15
6426,-31.15,119.15
6427,-31.11,119.4
6428,-32.13,118.02
6429,-30.95,120.16
6430,-30.81,121.38
6431,-30.8,121.64
6432,-30.78,121.49
6433,-31.88,115.92
6434,-30.5,123.12
6436,-29.69,121.03
6437,-27.45,120.55
6438,-27.79,121.58
6440,-27.91,122.33
6442,-31.21,121.62
6443,-32.47,123.83
6445,-32.91,121.1
6446,-33.23,121.72
6447,-33.35,121.39
6448,-33.64,121.81
6450,-33.82,121.94
6452,-32.92,122.9
6460,-31.3,116.83
6461,-31.2,117.03
6462,-31.27,117.23
6463,-31.14,117.29
6465,-30.87,117.04
6466,-30.77,117.14
6467,-30.53,117.17
6468,-30.11,117.21
6470,-30.34,117.34
6472,-30.45,117.87
6473,-30.33,118.22
6475,-30.69,117.27
6476,-30.8,117.68
6477,-30.81,117.86
6479,-30.88,118.11
6480,-31.29,118.2
6484,-30.98,119.12
6485,-30.99,117.45
6487,-31.06,117.66
6488,-31.04,117.79
6489,-31.11,117.92
6490,-31.26,118.01
6501,-31.6,115.99
6502,-31.39,116.1
6503,-31.42,115.9
6504,-31.33,116.03
6505,-31.17,115.93
6506,-31.02,115.96
6507,-30.74,115.54
6509,-30.89,116.24
6510,-30.73,116.03
6511,-30.5,115.08
6512,-30.44,116.04
6513,-30.15,116.08
6514,-30.06,114.97
6515,-29.88,116.02
6516,-30.31,115.04
6517,-29.69,115.89
6518,-29.82,115.27
6519,-29.44,115.63
6521,-30.39,115.5
6522,-29.3,115.49
6525,-29.05,115.03
6528,-28.98,114.91
6530,-28.79,114.6
6531,-32.28,115.74
6532,-27.95,114.61
6535,-28.23,114.69
6536,-27.71,114.16
6537,-25.93,113.53
6556,-31.86,116.32
6558,-31.8,116.31
6560,-31.75,116.39
6562,-31.75,116.46
6564,-31.72,116.51
6566,-31.38,116.53
6567,-31.46,116.42
6568,-31.27,116.51
6569,-31.09,116.45
6571,-30.92,116.39
6572,0.0,0.0
6574,-30.63,116.36
6575,-30.49,116.36
6603,-31.01,116.76
6605,-30.71,116.7
6606,-30.6,116.77
6608,-30.48,116.81
6609,-30.28,116.66
6612,-30.02,116.78
6613,-29.99,116.57
6614,-29.88,116.5
6616,-29.76,116.44
6620,-29.44,116.29
6623,-29.33,116.15
6625,0.0,0.0
6627,-28.9,115.86
6628,-28.79,115.75
6630,-28.64,115.48
6631,-28.48,115.79
6632,-28.7,115.12
6635,-27.32,116.57
6638,-28.48,118.17
6639,-28.2,119.65
6640,-27.42,117.9
6642,-24.08,118.01
6646,-26.34,122.26
6701,-24.87,113.63
6705,-24.23,117.38
6707,-22.16,113.92
6710,-22.1,115.86
6711,-21.46,115.0
6712,-20.86,115.41
6713,-20.66,116.71
6714,-20.66,117.09
6716,-21.65,116.13
6718,-20.78,117.15
6720,-20.68,117.19
6721,-20.79,118.6
6722,-20.4,118.57
6725,-17.91,122.25
6726,-17.95,122.2
6728,-17.99,124.18
6731,-16.09,123.61
6733,-16.13,123.74
6740,-14.91,126.67
6743,-15.17,128.55
6751,-21.91,118.09
6753,-23.36,119.74
6754,-23.17,117.75
6758,-21.91,120.2
6760,-21.17,119.74
6762,-21.71,122.23
6765,-18.19,125.57
6770,-18.22,127.67
6798,-10.49,105.64
6799,-12.17,96.83
6800,-31.99,115.76
6803,0.0,0.0
6809,-31.99,115.76
6817,-31.99,115.76
6820,-31.99,115.76
6827,-31.99,115.76
6830,-31.99,115.76
6831,-31.96,115.86
6832,-31.96,115.87
6837,-31.99,115.76
6838,-31.99,115.76
6839,-31.99,115.76
6840,-31.99,115.76
6841,-31.99,115.76
6842,-31.99,115.76
6843,-31.99,115.76
6844,-31.99,115.76
6845,-31.99,115.76
6846,-31.99,115.76
6847,-31.99,115.76
6848,-31.99,115.76
6849,0.0,0.0
6850,-33.66,115.33
6865,0.0,0.0
6872,-31.94,115.88
6892,-31.78,115.82
6900,0.0,0.0
6901,-31.94,115.88
6902,0.0,0.0
6903,0.0,0.0
6904,-31.94,115.83
6905,0.0,0.0
6906,-31.98,115.76
6907,0.0,0.0
6909,0.0,0.0
6910,-31.98,115.77
6911,-32.4,115.76
6912,-32.01,115.76
6913,0.0,0.0
6914,-31.86,115.82
6915,-31.95,115.85
6916,-31.89,115.8
6917,-31.89,115.8
6918,0.0,0.0
6919,0.0,0.0
6920,-31.86,115.78
6921,-31.88,115.79
6922,-31.9,115.8
6923,0.0,0.0
6924,-32.56,115.8
6925,0.0,0.0
6926,-31.94,116.01
6929,-31.95,115.85
6931,0.0,0.0
6932,-31.92,115.88
6933,-31.91,115.9
6934,-31.92,115.92
6935,-31.92,115.92
6936,0.0,0.0
6937,-31.9,115.85
6938,-31.9,115.85
6939,-31.9,115.85
6940,-31.9,115.85
6941,-31.84,115.86
6942,0.0,0.0
6943,-31.89,115.89
6944,-31.86,115.9
6945,0.0,0.0
6946,-31.62,115.72
6947,0.0,0.0
6951,-32.07,115.82
6952,-31.89,115.82
6953,0.0,0.0
6954,0.0,0.0
6955,0.0,0.0
6956,-31.99,115.85
6957,0.0,0.0
6958,0.0,0.0
6959,-32.07,115.99
6960,0.0,0.0
6961,0.0,0.0
6963,-32.08,115.79
6964,-32.02,115.86
6965,0.0,0.0
6966,-32.14,115.86
6967,0.0,0.0
6968,-32.11,115.78
6969,-32.26,115.75
6970,0.0,0.0
6979,-31.95,115.9
6980,0.0,0.0
6981,-31.95,115.88
6982,-31.87,116.17
6983,0.0,0.0
6984,-31.97,115.93
6985,-33.63,115.6
6986,0.0,0.0
6987,0.0,0.0
6988,-32.05,115.96
6989,-32.04,116.01
6990,-32.06,116.01
6991,0.0,0.0
6992,-31.96,115.92
6997,0.0,0.0
7000,-42.87,147.33
7001,-42.84,147.51
7002,-42.9,147.45
7004,-42.89,147.33
7005,-42.9,147.31
7006,-42.91,147.34
7007,-42.92,147.32
7008,-42.87,147.28
7009,-42.84,147.29
7010,-42.82,147.3
7011,-42.77,147.24
7012,-42.84,147.19
7015,-42.84,147.35
7016,-42.82,147.38
7017,-42.78,147.36
7018,-42.87,147.37
7019,-42.89,147.45
7020,-42.99,147.52
7021,-42.9,147.48
7022,-43.03,147.42
7023,-42.99,147.4
7024,-42.95,147.52
7025,-42.79,147.42
7026,-42.66,147.42
7027,-42.53,147.36
7030,-42.42,147.14
7050,-42.96,147.32
7051,-42.99,147.33
7052,-43.0,147.32
7053,-42.97,147.33
7054,-43.05,147.26
7055,-42.99,147.29
7109,-42.96,147.08
7112,-43.23,147.1
7113,-43.09,147.01
7116,-43.23,147.03
7117,-43.31,147.02
7119,-42.4,147.38
7120,-42.33,147.46
7139,0.0,0.0
7140,-42.73,147.03
7150,-43.36,147.33
7151,-41.52,146.64
7155,-43.13,147.25
7162,-43.18,147.24
7163,-43.2,147.25
7170,-42.87,147.47
7171,-42.8,147.53
7172,-42.72,147.75
7173,-42.87,147.64
7174,0.0,0.0
7175,-42.81,147.83
7176,-42.78,147.81
7177,-42.87,147.83
7178,-42.95,147.87
7179,-43.01,147.92
7180,-43.06,147.87
7182,-43.13,147.95
7183,0.0,0.0
7184,-43.1,147.74
7185,-43.05,147.78
7186,-43.03,147.73
7187,-43.06,147.81
7190,-41.96,148.16
7209,-42.21,147.78
7210,-41.93,147.49
7211,-41.81,147.42
7212,-41.51,147.61
7213,-41.78,147.72
7214,-41.64,147.97
7215,-41.42,148.28
7216,-41.3,148.32
7248,-41.42,147.13
7249,-41.47,147.16
7250,-41.46,147.08
7252,-41.03,146.95
7253,-41.13,146.87
7254,-41.02,147.17
7255,-40.04,147.95
7256,-39.78,143.9
7257,-40.39,148.23
7258,-41.53,147.19
7259,-41.29,147.35
7260,-41.15,147.41
7261,-41.17,147.74
7262,-41.0,147.39
7263,-41.29,147.79
7264,-40.89,147.88
7265,-41.02,147.8
7267,-41.22,147.14
7268,-41.25,147.22
7270,-41.1,146.67
7275,-41.31,146.97
7276,-41.28,146.98
7277,-41.38,146.97
7290,-41.5,147.06
7291,-41.53,147.01
7292,-41.53,146.9
7300,-41.55,147.19
7301,-41.62,146.99
7302,-41.65,146.94
7303,-41.38,146.83
7304,-41.82,146.68
7305,-41.34,146.47
7306,-41.28,146.32
7307,-41.19,146.61
7310,-41.24,146.32
7315,-41.21,146.18
7316,-41.17,145.97
7320,-41.07,145.89
7321,-40.85,145.31
7322,-41.04,145.83
7325,-41.07,145.63
7330,-40.93,145.19
7331,-40.79,145.27
7466,-42.07,145.6
7467,-42.0,145.54
7468,-42.22,145.2
7469,-41.81,145.04
7470,-41.78,145.54
7800,-41.5,147.17
7802,-41.5,147.17
7803,-41.5,147.17
7804,-41.5,147.17
7805,-41.5,147.17
7806,-41.5,147.17
7807,-41.5,147.17
7808,-41.5,147.17
7809,-41.5,147.17
7810,-41.5,147.17
7811,-41.5,147.17
7812,-41.5,147.17
7813,-41.5,147.17
7814,-41.5,147.17
7823,-41.5,147.17
7824,-41.5,147.17
7827,-41.5,147.17
7828,-41.5,147.17
7829,-41.5,147.17
7845,-41.5,147.17
7850,-41.5,147.17
7901,-41.35,148.14
7902,-41.35,148.14
7903,-41.35,148.14
7904,-41.35,148.14
7905,-41.35,148.14
7906,-41.35,148.14
7907,-41.35,148.14
7908,-41.35,148.14
7909,-41.35,148.14
7910,-41.35,148.14
7911,-41.35,148.14
7912,-41.35,148.14
7913,-41.35,148.14
7914,-41.35,148.14
7915,0.0,0.0
7916,0.0,0.0
7917,0.0,0.0
7918,0.0,0.0
7919,0.0,0.0
7920,0.0,0.0
7921,0.0,0.0
7922,-41.35,148.14
7923,-41.35,148.14
800,-12.8,130.96
8001,-38.37,144.77
8002,-38.11,145.15
8003,0.0,0.0
8004,-37.84,144.98
8005,-37.82,144.95
8006,-37.81,144.96
8007,0.0,0.0
8008,0.0,0.0
8009,-37.82,144.96
801,-12.8,130.96
8010,-38.19,146.29
8011,-37.81,144.96
8012,0.0,0.0
804,-12.43,130.84
8045,-38.37,144.77
8051,-38.37,144.77
8060,-38.37,144.77
8061,-38.37,144.77
8066,-38.37,144.77
8069,-38.37,144.77
8070,-38.37,144.77
8071,-38.37,144.77
810,-12.38,130.88
8102,-38.37,144.77
8103,-38.37,144.77
8107,-38.37,144.77
8108,-38.37,144.77
811,-12.38,130.85
8111,-38.37,144.77
812,-12.4,130.91
8120,-38.37,144.77
813,0.0,0.0
814,-12.38,130.85
815,0.0,0.0
820,-12.41,130.86
8205,-38.37,144.77
821,-12.43,130.88
822,-12.8,131.13
828,-12.47,130.91
829,-14.46,132.28
830,-12.49,130.97
831,-12.48,130.98
832,-12.49,130.99
835,-12.48,131.03
836,-12.53,131.1
837,-12.46,130.84
838,-12.71,131.0
8383,-38.37,144.77
8386,-38.37,144.77
8388,-38.37,144.77
8390,-38.37,144.77
8393,-38.37,144.77
8394,-38.37,144.77
8396,-38.37,144.77
8399,-38.37,144.77
840,-12.72,130.35
841,-12.8,130.96
845,-13.04,131.07
846,-13.23,131.1
847,-13.82,131.84
850,-14.46,132.26
851,-14.46,132.26
852,-14.92,133.06
853,0.0,0.0
854,-16.82,137.15
8576,-37.76,145.04
860,-19.65,134.19
861,-18.94,134.32
862,-20.23,137.76
8627,-37.84,145.06
870,-12.44,130.84
871,-12.44,130.84
872,-21.0,134.38
880,-12.38,130.87
881,-12.18,136.78
885,0.0,0.0
886,-12.38,130.89
8873,-37.85,144.89
9000,-27.6,152.82
9001,-27.6,152.82
9002,-27.6,152.82
9005,-27.6,152.82
9007,-27.6,152.82
9008,-27.6,152.82
9009,-27.6,152.82
9010,-27.6,152.82
9013,-27.6,152.82
9015,-27.6,152.82
9016,0.0,0.0
9017,0.0,0.0
9018,0.0,0.0
9019,0.0,0.0
9020,-27.6,152.82
9021,0.0,0.0
9022,0.0,0.0
9023,0.0,0.0
906,-12.43,130.88
907,-12.43,130.88
909,0.0,0.0
9464,0.0,0.0
9726,0.0,0.0
9728,0.0,0.0
9729,0.0,0.0
